Case,PosErr_mm,OriErr_deg,Iterations,Converged,NumCFSol,CFBestPosErr_mm,CFBestOriErr_deg,MaxLimitViol_deg,qTrue1,qTrue2,qTrue3,qTrue4,qTrue5,qTrue6,qInit1,qInit2,qInit3,qInit4,qInit5,qInit6,qSol1,qSol2,qSol3,qSol4,qSol5,qSol6
1,1.24295429987729e-06,0,31,1,2,3.36303785265852e-13,0,0,0,-1.05815663793792,0.871597137201357,0.779889616155935,1.84765390405796,-0.136493928837586,0,-0.986023965091941,0.908671424163471,0.838013852723723,1.72592675071876,-0.189259733969393,2.64091737583277e-08,-1.05815663566787,0.871597133135449,0.779889609827987,1.84765388445741,-0.136493911906163
2,7.25958329962929e-06,0,25,1,1,6.96726971775901e-06,0,0,0,1.43956474459447,-0.341743452461981,0.151160468338763,-0.952833774349668,-0.446915197246975,0,1.4024766156348,-0.224170870634465,0.077306601631906,-1.00011700406253,-0.337542642352631,6.95169879523212e-09,1.43956473449306,-0.341743416938657,0.151160471867707,-0.952833810619834,-0.446915175099666
3,8.50647258452999e-07,0,25,1,2,1.71102487079032e-12,0,0,0,-1.75345128149847,0.348954903118003,0.577712502690796,-1.9206964784976,0.723002185183485,0,-1.86452819434443,0.389914813933398,0.580137341002334,-1.92596299428844,0.842271217423559,5.70546065216673e-10,-1.75345128263395,0.348954902571634,0.577712501671721,-1.92069648292147,0.723002181493358
4,1.43591207141519e-07,0,34,1,0,NaN,NaN,0,0,-1.02010748933869,0.570439840621466,-0.630109394747392,-0.871842110870529,0.573075970041028,0,-1.08700359407106,0.559466733244421,-0.694775759166632,-0.903432581288,0.60044417137805,4.10696012723555e-08,-1.02010748981386,0.570439841955917,-0.630109375642675,-0.871842087337642,0.57307592055859
5,6.04534299012018e-07,0,21,1,1,2.39808193823466e-05,0,0,0,-1.74202962066898,0.500160220179978,-0.138216092435575,-1.41530873132738,-1.17651695204864,0,-1.83319165922786,0.611685314116334,-0.0910647096107231,-1.48398946497384,-1.15848283510094,1.68501534101608e-09,-1.74202962198599,0.500160222641544,-0.138216096991573,-1.41530872994749,-1.1765169502522
6,7.04055332365027e-06,1.70754729250319e-06,27,1,2,1.34364383931559e-12,1.70754729250319e-06,0,0,-1.72259795045431,0.913069893130357,-0.452558634454134,-1.38839178374185,-0.906269677220571,0,-1.66709009907723,1.04002648447674,-0.354439757744515,-1.38864267030992,-1.0092144340634,-2.15743083144952e-08,-1.72259798097144,0.913069913239213,-0.452558624227742,-1.38839177860577,-0.906269659507452
7,5.53636318813873e-07,0,27,1,2,2.83174891479642e-12,0,0,0,-0.544619130999,-0.734878198118209,0.574674250098042,-1.42167229674649,-0.772973704267428,0,-0.527884231075668,-0.614729366245215,0.5624323361629,-1.51881084566964,-0.704757246009478,-3.12105057931436e-10,-0.544619127359387,-0.734878204956639,0.574674251663713,-1.42167229433377,-0.772973713790237
8,9.6114355737394e-06,0,22,1,2,1.7680977025406e-12,0,0,0,-1.30736185610424,-0.169014457125099,-0.595630045066938,1.82674565254811,-1.04670215898945,0,-1.26301143236788,-0.271298193006007,-0.703425016215741,1.94886512938607,-1.12673489020934,-3.31471331234228e-08,-1.3073618462569,-0.169014468432811,-0.595630027068328,1.82674564529036,-1.04670216262602
9,1.23217790656683e-06,0,419,1,1,3.79590174219421e-11,0,0,0,-0.929773107732002,0.403521406837772,-0.141477051658368,0.769104039487726,1.35787441783088,0,-0.999509536946098,0.494018139079686,-0.21367805801144,0.818559593063594,1.26715952592269,1.54473044667893e-08,-0.929773110059196,0.403521405796532,-0.141477082033731,0.769104041480117,-4.92531086007154
10,2.22997907921925e-06,0,29,1,4,4.34145424471671e-06,0,0,0,0.0182592456142632,-1.01509968096673,-1.0565566612578,1.34650200113751,-0.316090354557008,0,0.0971077413446684,-0.907728256697711,-0.970273479524157,1.40254040253094,-0.420975657475389,7.28080389548961e-09,0.0182592742859681,-1.01509973308053,-1.05655665669305,1.34650202212396,-0.316090377894641
11,2.93650368340948e-06,0,26,1,1,6.15670369547023e-06,0,0,0,0.314389797812598,1.07586196031696,-0.10454750863052,-1.9162798356851,1.44918543034212,0,0.364821852157194,1.03247872623908,-0.188269969108889,-1.954771,1.4660765,-3.65363185104661e-10,0.314389791908978,1.07586195325934,-0.10454751324806,-1.91627981857258,1.44918543253258
12,1.24531916776683e-06,0,25,1,2,4.43256122778518e-06,1.20741826972573e-06,0,0,0.458221666244583,1.17080577015828,-0.897691212285747,-1.48715010997785,-0.316113471167888,0,0.574713763109873,1.08267951327094,-0.908500043570945,-1.5450434968659,-0.393448990951707,5.00013727921049e-09,0.458221660851067,1.1708057718487,-0.897691196784699,-1.48715011188344,-0.316113469500986
13,6.32713636798656e-07,0,28,1,4,1.17635897620151e-05,0,0,0,1.19181087868515,-1.09435006405723,0.567169371901535,1.30467429840453,0.53304651242253,0,1.10440124585177,-0.984671490653099,0.45496873428297,1.29799005504643,0.496454660085751,9.46420420007172e-10,1.19181087204556,-1.09435005198795,0.567169367757556,1.30467429448559,0.533046512638466
14,2.07179342840411e-07,0,26,1,1,3.08207397790288e-12,0,0,0,1.88649877424965,-0.755403340209369,0.221383544821588,1.48201156377776,0.49525176364012,0,1.96317666835089,-0.829881941931671,0.340750983722689,1.37280404620203,0.532173353462783,2.56276935965867e-10,1.88649877700094,-0.755403344802525,0.221383543498828,1.48201156841175,0.495251765023789
15,4.23411187022755e-06,0,30,1,5,2.52691042300079e-12,0,0,0,-0.0803445788431905,-0.899895334052352,-0.789758169371604,0.90082623917081,1.34498057907677,0,-0.0181934306643277,-0.969617260110938,-0.720511504230342,0.847762702338214,1.28774022221052,2.30183535197221e-08,-0.0803446032702224,-0.89989529571939,-0.789758221746914,0.900826253307922,1.34498061734807
16,2.11723316993428e-05,2.09130978915187e-06,23,1,2,7.3409570020002e-06,1.20741826972573e-06,0,0,0.749040977653657,-0.609878961619456,-0.984274280410237,-1.5524151439635,-0.0311348888920784,0,0.702769683759765,-0.58476191112612,-1.06762037218732,-1.59908365681319,0.0199981233328976,1.65843884841026e-08,0.749040963974377,-0.609878997329517,-0.9842742606619,-1.55241512380869,-0.0311348526926227
17,2.117864761827e-06,1.20741826972573e-06,29,1,2,2.27059068381797e-12,0,0,0,1.49431621628525,0.882031365034983,-0.689107878924435,-1.84102640793827,0.41982651378144,0,1.58608670772977,0.755002829386994,-0.780349962268787,-1.92418647469168,0.36273375416981,-1.58899094814892e-08,1.49431621286584,0.882031360961537,-0.689107899893216,-1.84102639881989,0.41982650372629
18,4.54664776950289e-07,0,29,1,2,2.38374992562561e-12,1.20741826972573e-06,0,0,-1.68663220798573,-0.359712752707331,0.644038357752483,-1.47498584338225,0.82797192061179,0,-1.80097272912784,-0.378313395081366,0.766183336553063,-1.5491402771118,0.945277145037174,1.7577148544251e-10,-1.68663220685678,-0.359712753307525,0.644038358541904,-1.47498584401216,0.827971920349108
19,3.74091765474515e-06,1.20741826972573e-06,31,1,2,3.20284687688954e-12,0,0,0,1.56499130939611,0.175570555468666,0.464300653297119,-0.0710954660128253,-0.728897814435722,0,1.52335370267667,0.235877916747567,0.583451770227759,0.0375348558984197,-0.726383436528529,-1.09621309328329e-08,1.56499131318599,0.175570546426762,0.464300747500058,-0.0710954607769391,-0.72889792097983
20,3.15630293910324e-07,0,31,1,4,2.54629989549142e-12,0,0,0,1.17448337756891,-1.22151917287897,0.635231002698063,0.256902482997309,-1.41869573372526,0,1.17284823397286,-1.29668126124769,0.666153984016309,0.126414641056387,-1.4660765,-4.05755289118347e-10,1.17448338495998,-1.22151918673725,0.635230991339507,0.256902488457335,-1.41869572455961
21,8.45659898010494e-06,1.20741826972573e-06,24,1,2,2.38970358238464e-12,0,0,0,-1.21296729752742,-0.688877370450356,-0.384201966754998,-1.73723544833857,-0.855606993909401,0,-1.13483961818587,-0.688225005616068,-0.446629826645156,-1.65953895172081,-0.945907155796119,1.9345314957124e-08,-1.21296727890703,-0.688877414225694,-0.384202000415179,-1.73723541657883,-0.855606996521596
22,2.46827785127194e-06,0,24,1,2,1.543369740282e-12,1.20741826972573e-06,0,0,-0.157142887185149,0.165959106489513,-0.657237177623758,-1.00444043740848,-0.654795133245521,0,-0.138824171881741,0.0431088951123113,-0.687146549593715,-1.04601230727203,-0.620803178479506,1.74685680845203e-09,-0.157142886697542,0.165959113827787,-0.657237172954412,-1.00444044204917,-0.654795142545182
23,26.6872085398854,0.0462983327477574,1500,0,0,NaN,NaN,5.67107255921766,0,1.09920206545397,1.32070888827785,-0.429219518869251,-1.11560444254227,1.23703602446461,0,1.20756030530274,1.24497041069984,-0.437282526762964,-1.16180761662891,1.22428002124158,-0.000783013455347654,1.19604696548943,1.22173000000001,2.71082386706647,1.11317162670739,4.37940259101652
24,4.96623800296479e-06,0,25,1,1,1.50956031587384e-12,0,0,0,-0.0644584322865545,-0.27595070291346,0.315346110808119,1.23128847579644,-0.111991557241557,0,-0.0259316515738738,-0.162216146886194,0.270298890040676,1.25939445493232,-0.0342495267475772,-1.96439418733613e-08,-0.0644584270690903,-0.275950712295015,0.31534612298499,1.23128848658534,-0.111991573043528
25,4.85294160151226e-06,0,25,1,2,6.36555273769735e-06,1.20741826972573e-06,0,0,-0.943497793891683,0.0243987202120517,-0.558212555380787,1.04026451709443,0.520894730673806,0,-0.84830386213182,-0.0467810770320083,-0.5358311148997,0.935958136590519,0.607765125923232,2.13565288410785e-08,-0.943497808216078,0.0243987467208983,-0.55821258779561,1.04026450837855,0.520894756750141
26,1.60125095256451e-05,1.20741826972573e-06,28,1,2,8.76533578011991e-06,0,0,0,1.30687820063282,0.850179087950536,-0.521592716080081,0.633693125023809,1.45727539824635,0,1.29756394592659,0.911831287966286,-0.459174043837685,0.746049909246993,1.43299083929904,-5.09175951987383e-08,1.30687821568211,0.850179033187545,-0.521592743431108,0.63369317809932,1.45727539004088
27,1.07971321304053e-05,1.20741826972573e-06,23,1,2,2.73945738597042e-12,0,0,0,1.68476076283178,0.203782408407855,-0.811249734218275,-1.93286157516731,0.607849507052285,0,1.71159568081465,0.27055837696892,-0.707874173505448,-1.954771,0.481404929962723,-4.28570273883208e-08,1.68476075649097,0.203782423639695,-0.811249776645335,-1.93286156708201,0.607849493225777
28,9.16249275077329e-06,1.20741826972573e-06,20,1,2,1.83023767644334e-12,1.70754729250319e-06,0,0,0.129473833063758,-0.0336373999816399,-0.70717142428446,1.8159020594533,1.31780541209497,0,0.0486937751666558,0.0259456003961641,-0.799376031211609,1.91245118792618,1.44684108401789,2.08502808570603e-08,0.129473811271594,-0.0336373793618056,-0.707171412954413,1.81590206673024,1.31780544215923
29,5.06828535566559e-07,0,27,1,2,2.23966170216766e-12,0,0,0,-1.16374083171983,0.00847331357239023,0.726293550567205,0.803115680791468,-0.946004266954912,0,-1.25027009238027,-0.0869045164853184,0.751006654492238,0.838224844685443,-1.05775784688245,-1.24252165224061e-09,-1.16374083384112,0.00847331632251599,0.726293549183009,0.803115678958837,-0.946004265690455
30,4.89852745512969e-06,0,26,1,1,2.16487095694669e-12,1.20741826972573e-06,0,0,-1.16885449374564,-0.199874497070996,-0.276893045864358,0.971181013288745,1.13797840561031,0,-1.17326746797045,-0.208362844154763,-0.401832365383444,0.913352879014701,1.02298526711673,-5.92612579010933e-09,-1.1688544809411,-0.199874502823298,-0.276893041074166,0.97118101092582,1.1379784077196
31,2.24642838108423e-06,1.20741826972573e-06,32,1,3,1.38492683809271e-12,0,0,0,-0.513282377241802,0.855514992162159,0.362142456862916,0.187589295970714,0.969230898997725,0,-0.641876275067156,0.815809244865613,0.403644105221745,0.142276731348175,1.07625848220276,-6.40313729809387e-09,-0.513282376535139,0.855514985369893,0.362142496331307,0.187589304166106,0.969230858948588
32,1.47702099494719e-06,1.70754729250319e-06,24,1,4,2.20059228400353e-12,0,0,0,1.10592450542064,-0.849318891036865,-0.819957323063303,-1.38295495527363,0.544756614140362,0,1.18170634898031,-0.718650797570602,-0.821950124059916,-1.33607714475402,0.527218415780502,-5.63648454733004e-10,1.10592450526172,-0.849318885273785,-0.819957319008845,-1.38295496713925,0.544756610091905
33,3.79037983810522e-06,1.20741826972573e-06,24,1,1,1.71637717043292e-12,0,0,0,0.643625910463305,-0.600614715823745,0.157892003403066,1.64907567608802,0.522131647069351,0,0.585146449100327,-0.494232352253,0.217202105265688,1.7680590305716,0.569066592987736,-7.75893172794195e-09,0.643625909629954,-0.600614709060633,0.157892005136475,1.64907567556277,0.522131625302814
34,1.00434303122717e-05,0,26,1,2,1.67479084395801e-12,0,0,0,-1.16275796338301,-0.000138148958529261,-1.06419399778058,1.674018068188,-1.11044408919741,0,-1.22249697458856,-0.0431599375853998,-1.14526595544549,1.60745459776078,-1.2129490453162,-5.0538414893697e-08,-1.16275797423893,-0.000138131758223791,-1.06419395574634,1.67401804776558,-1.11044409056653
35,1.19821617513343e-06,1.20741826972573e-06,24,1,2,2.42757200526211e-12,0,0,0,-1.41601723348915,-0.886893409958349,0.0246071495509177,-0.39634473728277,0.769723344349199,0,-1.51935581943751,-0.965325677571834,-0.0467620722549846,-0.473100685143374,0.768954014643468,7.90931228961276e-10,-1.4160172422593,-0.886893390994657,0.0246071305513201,-0.396344759467553,0.769723367367225
36,1.29655027495797e-06,0,28,1,2,2.11877352845611e-12,0,0,0,0.419603643178881,0.636267188367033,-0.78522404910884,0.242103840975064,1.1712518430239,0,0.296637110587764,0.614900031979421,-0.843966617244,0.174708299812849,1.10695960802903,-3.03334470924934e-09,0.419603647240475,0.636267182841008,-0.785224020418856,0.242103845875461,1.17125181844742
37,6.68190806485371e-07,0,28,1,2,9.72442022219322e-06,0,0,0,-1.77781127615966,0.0632668684970175,0.743526504200827,-0.22341667379085,-1.08992395266792,0,-1.76856682206477,-0.00043160886080762,0.665881397691966,-0.284758726323241,-1.12905493165846,-2.44160580993063e-10,-1.77781127843673,0.0632668698617566,0.743526531098748,-0.223416667624139,-1.08992397591701
38,1.6766347911132e-05,0,24,1,2,6.39361639673271e-06,0,0,0,0.465351677823177,0.704808553686999,0.392960930497279,0.916326028309738,-1.28357548705383,0,0.344322358247093,0.806456061481692,0.389344760997059,0.997568085572367,-1.33482461716731,-2.6912580363433e-08,0.465351681763209,0.704808504174777,0.392960886753121,0.91632607756113,-1.28357547078966
39,1.40711056854612e-05,0,26,1,2,3.1725716407863e-12,0,0,0,1.6880825439427,-0.434647097656055,-0.654628864603591,0.364644870733861,-1.43439826224738,0,1.66021856009982,-0.305197347950685,-0.775025206803732,0.242084497950322,-1.39325398733899,-2.04041725129288e-08,1.6880825827625,-0.43464713262383,-0.654628885397992,0.364644854811272,-1.43439826343855
40,2.73240274052718e-07,0,30,1,2,6.83633139767653e-06,0,0,0,0.754989123736225,-0.0387594601304626,-0.585992931711076,-0.104912263550897,-1.25325323657244,0,0.759726852333588,0.0263210669239307,-0.651611491105866,-0.111345935602198,-1.1727283351977,-2.53331556115715e-09,0.754989123300073,-0.038759461159748,-0.585993109006055,-0.104912268149952,-1.2532530588837
41,1.62098729781864e-06,0,28,1,1,2.23856033064548e-12,0,0,0,0.560629996220216,0.238591050388423,-0.224062330293584,-0.300278426397155,0.617002317090447,0,0.663939234772336,0.326954682147333,-0.245920495783613,-0.210321617432068,0.507805923123539,-2.9226623689739e-09,0.560629996119232,0.238591054041883,-0.224062344024474,-0.300278428841156,0.617002332130572
42,3.56325869628757e-06,0,26,1,3,7.28508579850343e-06,0,0,0,0.765839403345397,-0.769448109147122,0.291857347720455,-0.619350914247133,-0.393155800254092,0,0.859624868431113,-0.707061968545561,0.199177610205597,-0.577338564108686,-0.403448120063894,7.6584724210254e-09,0.765839402969973,-0.769448108603629,0.2918573618321,-0.619350918204345,-0.393155817472562
43,9.12668943190297e-07,0,31,1,1,1.22791467120111e-05,0,0,0,-1.07004560239066,0.35698947616434,-0.0801895453619081,0.503828904889587,-1.09236720007361,0,-1.05462964810201,0.381321233126291,0.0270603144577587,0.59547739025428,-1.12928848508991,-8.35349227759309e-09,-1.07004560467368,0.356989476524856,-0.0801895300653092,0.503828909104317,-1.09236722389805
44,8.86788285660128e-06,0,27,1,1,5.2815692678723e-06,0,0,0,0.224927860008853,-0.317661113516763,0.32967616185264,-0.278789536429477,0.114423454050416,0,0.323678981308295,-0.248123093365377,0.435623859823272,-0.331091532109212,0.180866521980959,-1.36784969213732e-08,0.224927891046701,-0.317661152227224,0.329676128385983,-0.278789528590409,0.114423488465642
45,1.12527769999588e-06,0,27,1,2,5.89887596408335e-06,0,0,0,-0.948291581773112,0.0409552425743105,0.786327153023914,1.45571776326112,0.838570663001809,0,-1.06403456122672,0.0330727375420638,0.721166267548783,1.5681992536361,0.900314367456438,1.07641400037912e-09,-0.948291579245845,0.0409552367613855,0.786327151905107,1.45571776501932,0.838570665161235
46,1.22364236273147e-05,0,24,1,2,1.83633405912153e-12,0,0,0,0.334753917758032,-0.234161277349116,0.404737108325143,0.625634913578815,0.218589741042147,0,0.26892296007035,-0.268227879285188,0.365117403165254,0.521903684754735,0.337660292533792,-3.02860291572436e-09,0.334753935133015,-0.234161264021529,0.404737133109125,0.625634881888396,0.218589705230318
47,4.77551148108465e-06,0,28,1,1,5.50024317931561e-06,0,0,0,0.444348564086215,1.13143578612601,-0.301686589023288,-0.7218369214537,1.37075424456266,0,0.518502852672808,1.23058824527296,-0.304699839290421,-0.624818811548879,1.4660765,-6.51038750920677e-09,0.444348585140406,1.13143578904276,-0.301686586583968,-0.721836944092169,1.37075423045628
48,5.73746896267193e-06,1.70754729250319e-06,25,1,1,1.82512696320343e-12,1.20741826972573e-06,0,0,-1.20134204824543,-0.579669482508498,-0.246769983345201,1.78235453098733,-0.93527529989613,0,-1.31319217841857,-0.462030469778615,-0.329018909766965,1.75744059897532,-1.04830905051443,-1.42941153065721e-08,-1.20134206364688,-0.579669465740187,-0.246769976893842,1.78235451697765,-0.935275305767296
49,5.47450479136819e-07,0,26,1,2,2.7378448778544e-12,0,0,0,0.947244497361209,-0.402874865234341,0.349933128900312,-0.195733511347705,0.66803470771798,0,0.950955398072544,-0.293039516974997,0.250178830803421,-0.148058724041736,0.700705768202639,-4.5272215220089e-11,0.947244497039518,-0.402874865681848,0.349933104553581,-0.195733511372301,0.668034735517745
50,3.15141732287166e-06,0,27,1,2,3.41111740936873e-05,0,0,0,-1.64762913341429,0.47921402716051,-0.907264667481559,-0.332057799095937,1.23265486512439,0,-1.51845576273468,0.386899065654526,-0.880759644696909,-0.413068203042884,1.20304018754586,-4.82218440623652e-09,-1.6476291308561,0.479214015837417,-0.907264717275731,-0.332057800333781,1.23265491618399
51,1.09950685316137e-06,0,33,1,2,2.71724817191904e-12,0,0,0,-0.891628931135674,0.432286218413738,-1.08473179190131,0.3057960800859,0.386126695699932,0,-1.00082453527345,0.435083044675523,-1.20286064297672,0.228180778159662,0.260060551013187,1.0373780517172e-08,-0.891628931917967,0.432286212926994,-1.08473173660606,0.305796096070895,0.386126635105028
52,2.61709108982674e-06,0,24,1,2,1.93638969367988e-12,0,0,0,0.352978049634974,-0.747468862105203,-0.471002453871029,1.9215461777614,0.903505852271855,0,0.364357539795382,-0.779437293005944,-0.462675970645811,1.954771,1.01232678078834,-4.07273943200315e-09,0.352978056688873,-0.747468868297905,-0.471002456507929,1.92154617509903,0.903505848337006
53,1.2631378118919e-06,0,27,1,2,1.31967200064043e-12,0,0,0,-0.500299898653118,0.751399161690135,0.501516771133398,0.478489406042249,0.0237190739793909,0,-0.549077269534203,0.75774344016438,0.50447534426839,0.447927274964836,-0.0910705288210924,5.34416345905415e-09,-0.50029989765869,0.751399161237691,0.501516772331808,0.478489404651494,0.0237190804545639
54,1.02738557551545e-05,0,22,1,2,2.62785357442055e-12,0,0,0,-1.49932932102868,-0.633457750754867,0.387567705518239,-1.52896341769123,-0.257257180674132,0,-1.37614063040312,-0.580827666986795,0.260189401995044,-1.61930349208613,-0.16763361621566,-1.12107523445949e-08,-1.49932934406119,-0.633457736876434,0.387567718335122,-1.52896341734047,-0.257257197217999
55,3.2265970678769e-07,0,432,1,2,1.52593755244133e-11,0,0,0,1.71527440254895,1.1267078119706,0.503134236588008,-0.992005030444084,0.0822032653737272,0,1.66365906733413,1.2553490666043,0.378912862959565,-1.055579121272,-0.0138009701801516,2.9230648706152e-07,1.71527440241216,1.12670781179951,-2.63845848816277,0.992004895152706,3.22379621290805
56,6.67719984989658e-07,0,28,1,2,1.97076044149771e-12,0,0,0,-1.02098427883749,0.113529073525457,0.0238484665560696,1.30987578688642,1.21446776086842,0,-1.00747032969665,0.0401536931022129,-0.031422893828403,1.40673372053242,1.14591762373058,5.088592230128e-09,-1.0209842823553,0.113529077527565,0.0238484664137614,1.30987578216489,1.21446776519589
57,2.87035821612208e-06,0,22,1,1,7.46783129779171e-06,0,0,0,0.521056940800893,0.754148274664183,-0.240484260564156,-1.76219137256811,-1.2164750408263,0,0.607438533189226,0.645599587795429,-0.253247519932484,-1.86644533167348,-1.23406645812183,-9.7730405986813e-09,0.521056938505672,0.754148281635029,-0.240484280863171,-1.76219137649974,-1.21647503861472
58,2.90225618195541e-06,0,30,1,2,1.13997073078103e-12,0,0,0,-0.591086271488094,-0.122560252514051,0.414818993173857,-1.874070063009,1.01457891809718,0,-0.67162530309769,-0.123164955630138,0.444396618818759,-1.8683648745039,1.03775434816969,-7.24249485900717e-08,-0.591086264167757,-0.122560261484961,0.414819051645727,-1.87407003720879,1.01457897743852
59,6.68710155752755e-06,1.20741826972573e-06,32,1,2,1.63404690107061e-12,1.20741826972573e-06,0,0,-0.707189866612888,0.0935798218899628,0.0436655523848204,0.551041281325654,-0.936351488711259,0,-0.818400653911572,0.0602621749151737,0.0758215935663882,0.659820722304507,-0.878327943242863,1.8310218673603e-07,-0.707189855747234,0.0935798042571737,0.0436652082939138,0.551041285249787,-0.936351204760343
60,1.2363240125704e-08,0,39,1,2,2.41700273798997e-12,0,0,0,1.35515274500858,-1.33693583595425,0.252688068047181,1.01285643223721,-0.8016682706307,0,1.47947394240702,-1.343902,0.133837583030451,1.06598648972439,-0.678709625178817,-8.79965318972951e-10,1.36166770480381,-1.34912499456635,0.251809657600589,1.01835106387658,-0.80000178861382
61,6.79084914938473e-06,0,25,1,1,1.23286005374106e-12,0,0,0,-0.593558174460765,0.33575604556019,-0.293276936898613,1.17687551356881,-0.16647651135061,0,-0.514429836316649,0.426741070774714,-0.297244003958582,1.07009548067119,-0.139693432568671,-1.89326271149994e-08,-0.593558157943868,0.335756018491645,-0.293276936387031,1.17687551823983,-0.166476523222498
62,3.39424940188033e-07,1.20741826972573e-06,35,1,2,2.05504922819405e-12,1.20741826972573e-06,0,0,0.646377132419821,-1.27228351893405,0.292471227173764,1.52795441951153,-0.920571067988222,0,0.608972007336506,-1.18112294219279,0.17109267475339,1.53705740940321,-0.975776243601101,4.88656883218291e-10,0.646377107443071,-1.27228347201424,0.292471229210038,1.52795439249912,-0.920571068791187
63,5.03573199786849,0.0196187381457871,1500,0,0,NaN,NaN,1.77249718563055,0,-1.95079591187159,-0.666155761257783,-0.255552820920018,-1.47628890825022,-0.207874658482656,0,-1.88726969091373,-0.554243211640104,-0.362807806366388,-1.37315236615846,-0.139567470066305,3.95177201100428e-06,-1.91986,-0.718681583267432,-0.256151535792442,-1.45574433675047,-0.202375242635179
64,1.3745711206626e-07,0,46,1,2,5.52193270362465e-06,0,0,0,-0.32329184660411,-1.01728230386034,0.0507972977446423,-0.211722224352515,-0.218699317082147,0,-0.40961323023381,-0.912757834665514,0.100571731366667,-0.328214686871893,-0.282177697707096,9.5374356216383e-09,-0.323291847893583,-1.01728230043707,0.0507972384169905,-0.211722229804862,-0.218699266301755
65,4.62467191242185e-07,1.20741826972573e-06,23,1,1,2.26760940101721e-12,1.20741826972573e-06,0,0,0.470304330141201,-0.227791271354433,0.171845402430737,-1.62954418776712,-0.81429555060134,0,0.353503220034689,-0.329087129873404,0.214802764345054,-1.69904511760831,-0.908228316390794,4.85114777509473e-10,0.470304331268576,-0.227791272069005,0.171845403187426,-1.62954418742342,-0.814295548345261
66,7.13071508616357e-06,0,31,1,2,3.8441578392725e-06,1.20741826972573e-06,0,0,-1.0686364503902,0.977259571146482,0.794013030116819,-1.57898389691606,0.947687432896692,0,-1.08837269196821,1.01351307561713,0.855211,-1.45384674954952,1.06444979614015,-4.33160833221496e-08,-1.06863643143123,0.977259545382783,0.794013036780889,-1.57898386083937,0.947687459290537
67,8.30309285854859e-09,0,34,1,4,2.2301393428182e-12,0,0,0,-1.59658395699581,-1.30127588844934,0.806216484931922,1.80731714552972,0.316059896346615,0,-1.69974129789299,-1.31393258634089,0.779011285450181,1.75496186547824,0.335165498969515,-1.08142284578759e-09,-1.59658395548386,-1.30127589358371,0.806216472683403,1.80731714524702,0.316059891118132
68,4.14987029029756e-06,0,29,1,4,6.44417046113988e-06,0,0,0,0.43739744248037,-1.11486927087839,-1.12049833656251,-1.49182115525757,-0.136933245495979,0,0.453905468333469,-1.18838280482374,-1.2302030816917,-1.52645759244874,-0.109184470829982,-8.58177880935521e-09,0.437397473853334,-1.11486931988147,-1.12049832937913,-1.49182115547088,-0.136933223421311
69,9.06841236174061e-06,0,22,1,2,6.87435361065874e-06,0,0,0,0.798159758439061,-0.0436876216446953,0.401749668541279,1.04336697936232,0.316604094552975,0,0.757962861175758,0.0735245598231714,0.397353935290881,0.932584757287451,0.191082503786231,-3.31576784341162e-09,0.798159778878412,-0.0436876676416372,0.401749659921794,1.04336699394565,0.316604104637182
70,1.2117711468866e-06,0,25,1,2,2.3150650093441e-12,0,0,0,-0.917501182477889,-0.161191625906137,-0.875501080518905,-1.01490476288057,0.628945789776155,0,-0.847739346962517,-0.165488648184904,-0.94996285696949,-0.88553103119151,0.546387965818201,3.69288332404508e-09,-0.917501185280234,-0.161191624734946,-0.875501090031967,-1.01490476483241,0.628945794933249
71,6.50575076107554e-06,1.70754729250319e-06,32,1,1,4.60974610046188e-06,0,0,0,1.72868604665595,0.987758161926515,0.0517443946853438,1.24124920205179,-0.961579163207682,0,1.70572934223522,0.894602316983839,0.119841723977476,1.34456586286591,-1.00492011483396,-4.09404232465456e-08,1.72868605967373,0.98775817278314,0.0517443608304655,1.241249153176,-0.961579136248227
72,2.28186203319309e-07,0,29,1,2,1.19609228840801e-05,1.20741826972573e-06,0,0,-0.601477696757504,0.291783888983636,0.802329784416598,1.74741724659923,-0.979881143532083,0,-0.492384233681575,0.22953789187818,0.816395334180897,1.7821706302759,-1.09624878108687,5.46855983495797e-09,-0.601477694480332,0.291783884942957,0.802329772374335,1.74741725202587,-0.979881146021594
73,3.00383793882968e-06,0,609,1,2,3.31037604084672e-12,0,1.01581953334494,0,-1.93758939546294,-1.26876268378544,0.628344790186035,0.67836873513076,-0.274948277232627,0,-1.9392544000064,-1.32410482321022,0.713602247460231,0.599429454570435,-0.3150268147973,-3.2142782538517e-09,-1.85819669810189,-1.41729802441121,-2.55933931225224,-0.735249358754671,2.92722377077412
74,0.525446510524866,0.00212558570641782,1500,0,0,NaN,NaN,0.126071592229933,0,-1.92206036437764,-0.246655651220896,-1.20681600742823,1.28641414675478,-0.772475884925301,0,-1.87439673241832,-0.185874583802305,-1.2126102429901,1.1719286679545,-0.750128274666244,-9.85276373106949e-07,-1.91986,-0.24973552997059,1.93502580573911,-1.28676409914729,-3.91492686651405
75,2.29078559778622e-06,0,26,1,2,1.92407658042754e-12,0,0,0,-1.42855371459886,-0.522024939917383,0.414951279017641,1.79036994552302,-0.104546846507431,0,-1.44021973305814,-0.486073803942841,0.298257885115331,1.76530519734034,-0.0294244443547884,-2.19971969312708e-09,-1.42855372814486,-0.522024918157498,0.414951277668879,1.79036992833243,-0.104546853601953
76,2.14700406947642e-06,0,29,1,2,3.2797451406466e-12,0,0,0,1.47729281273118,0.00953762725792995,-0.3704699328073,0.0909237301769794,1.27310185916014,0,1.57921188859563,0.0278538955502253,-0.351777303632585,0.19023054598108,1.16053963894839,6.56302389734827e-09,1.47729281761154,0.00953762018009681,-0.370470114665636,0.0909237303931257,1.27310205330245
77,6.03064885956971e-06,1.70754729250319e-06,24,1,2,4.60159112897218e-06,0,0,0,0.233360344532579,1.03817383169641,-0.692630960988131,-0.802483643641179,0.635285181601047,0,0.242400577245044,0.990833987208614,-0.731853638207133,-0.868570690776636,0.695284264556596,2.71911670208012e-08,0.23336035585661,1.03817382763386,-0.692630919469004,-0.80248363719801,0.635285172204978
78,1.20469395407341e-06,0,24,1,2,7.25946674995401e-06,0,0,0,0.752514643692788,-0.743244680615071,-0.527627134115389,1.32465943631591,-1.20776223720484,0,0.774757424300615,-0.625018794831861,-0.56441115662316,1.21030622031009,-1.21376669633781,-5.01073745723412e-10,0.752514636123207,-0.743244668847386,-0.527627132301643,1.32465943226942,-1.20776223940864
79,6.1141267613401e-07,0,32,1,4,2.60429546944161e-12,0,0,0,-1.38793956340685,-1.2679005450406,0.586568689305946,0.342885545810362,0.366061611803163,0,-1.35439734484529,-1.23932125369341,0.685187198250203,0.272095431404792,0.274274150632776,-1.5035842717306e-09,-1.38793955331544,-1.26790056384396,0.586568659792585,0.34288555187911,0.366061644935161
80,3.12848894907379e-06,1.20741826972573e-06,29,1,4,2.04130890060182e-12,1.20741826972573e-06,0,0,-0.718651514762832,-1.20463575469765,-0.520392768780445,1.79062213322401,0.750358269462381,0,-0.67288068260286,-1.19285705187077,-0.594372138818949,1.76929978672308,0.78216635248047,-6.95707785818889e-09,-0.718651517037934,-1.20463575702247,-0.520392757549137,1.7906221296171,0.750358254138708
81,3.906281996895e-08,0,37,1,2,2.51908862714051e-12,1.20741826972573e-06,0,0,0.736433208803867,-1.31856928723296,0.10650771861054,0.312854879955208,0.024998803618822,0,0.81484046175863,-1.343902,0.157219762970033,0.25077890262202,-0.06442558707889,5.64957869551536e-10,0.736433203717403,-1.31856927778268,0.106507708447564,0.312854875556784,0.0249988131595993
82,1.04652937411188e-06,0,28,1,2,2.81237626450012e-12,0,0,0,1.55775389305984,0.286617379341091,-1.02494821836254,-0.163725652508927,-0.38604535349937,0,1.42934914807013,0.265264814861686,-0.952177949074194,-0.262901675718791,-0.400684260751896,-5.03424713223724e-09,1.5577538944158,0.28661738193902,-1.024948215328,-0.163725665540889,-0.386045349600945
83,2.07729367244251e-08,0,32,1,4,2.76193256108428e-12,0,0,0,-0.613492993089253,-1.23629297872285,-1.03854835412781,-0.729551674034712,-0.382621091359851,0,-0.683661456274974,-1.23710561997882,-1.05366979043041,-0.676329362185633,-0.440431266921841,-4.07680940401321e-11,-0.613492993547035,-1.23629297782652,-1.03854835284094,-0.729551674060225,-0.382621092655165
84,7.5007130231003e-07,1.70754729250319e-06,25,1,1,4.02937635202161e-05,0,0,0,1.14754473365781,0.462629157090013,0.0985294397970846,1.73129242292364,0.909137260335557,0,1.27364887434376,0.539429952027482,0.0754543927228627,1.74503550676658,0.950977082314319,7.23108566300327e-10,1.14754473694651,0.462629156135171,0.0985294437944121,1.73129242621324,0.909137264625674
85,1.79803233389735e-07,0,29,1,2,2.36262730229907e-12,0,0,0,-1.33184663166109,-1.19116431311894,-0.0865593119610968,0.781590153665861,-0.359818837558362,0,-1.40512471089474,-1.26530249463583,-0.0231044775449695,0.78624895519544,-0.314138298650599,-5.55347723105779e-10,-1.33184660461721,-1.19116436591138,-0.0865593173631234,0.781590198104705,-0.359818832897992
86,1.53099547612519e-05,0,23,1,2,1.72196450090546e-12,0,0,0,0.327112487370332,0.869267617915785,-0.687386531532054,-1.1506202519541,1.17126852421732,0,0.266178646871562,0.889131706038938,-0.709271869186037,-1.09709947402027,1.2245009200345,4.42132599688158e-08,0.327112449747344,0.869267615033684,-0.687386497084465,-1.15062020550293,1.1712685390209
87,1.06955562991767e-05,1.70754729250319e-06,23,1,2,1.88088827814012e-12,0,0,0,0.275418204676395,0.122781458129368,-0.732372240921901,1.67530844442596,1.10276330959369,0,0.377483017642075,0.113778854228705,-0.667323382165893,1.62649503667565,1.07860376332081,-1.4283522851885e-08,0.275418174010411,0.122781506038348,-0.732372249405643,1.67530841962362,1.10276330558702
88,1.28475230263199e-05,0,24,1,2,9.22880256937235e-06,0,0,0,-1.19267550643632,-0.234476783767633,-0.511144223459288,-0.994388964887935,0.506547922685952,0,-1.11624841073764,-0.351291172654878,-0.452204359086926,-1.05834278706375,0.571059702829469,1.82321809876854e-08,-1.19267552492396,-0.234476723314342,-0.511144229578849,-0.994388996509185,0.506547887672155
89,3.5837936558124e-06,0,28,1,2,2.13301022997672e-12,0,0,0,-0.0199029194529021,-0.186212640087048,0.422002812431385,-0.302112210679768,0.544821226293175,0,-0.0252213942438186,-0.0585600346996819,0.360780993645559,-0.205757620762269,0.603096943921198,6.76098952192045e-11,-0.0199029165976461,-0.186212632606711,0.422002821395622,-0.302112223417046,0.54482122262621
90,29.6777378165484,0.121201202822444,1500,0,0,NaN,NaN,6.33312123891285,0,-1.87417619936707,1.33226381754701,0.413456872317994,0.464530950085346,-1.32454517017878,0,-1.82973191602875,1.28174199091638,0.433102073448488,0.515797002678183,-1.25995911836091,-0.000110881899525018,-1.76450108660055,1.22173000000024,0.411175819402836,0.467305390814161,-1.32234062453471
91,1.34112713526875e-06,1.20741826972573e-06,25,1,2,2.75114892763128e-12,1.70754729250319e-06,0,0,1.31528228187185,0.0842652152744978,-0.631034461496158,-0.582982101600728,-0.4171139208032,0,1.26524141852866,0.202179608086696,-0.713375227701667,-0.471752790062025,-0.468888527418565,2.99163160266795e-09,1.31528227789279,0.0842652200398926,-0.63103445202479,-0.582982100041643,-0.417113926455719
92,2.45963334754233,0.009045418279024,1500,0,0,NaN,NaN,0.704495246821343,0,-1.93215576162168,-0.4943463783945,0.0226748755971475,-1.33526987390308,1.21317770785692,0,-1.88864684820326,-0.482469859474566,-0.0225851143022935,-1.43320345939949,1.32347317832228,-2.42109134325602e-07,-1.91986,-0.513810260689328,0.0227156673572169,-1.32826147300093,-5.07017544064034
93,4.65211314490656e-06,0,27,1,2,6.01833383129265e-06,0,0,0,1.21799110892448,0.645737118538735,-0.78300333908727,0.267996775053912,0.00227029571801207,0,1.25741407538095,0.524314058719535,-0.79802582444184,0.349097384302663,0.125441866668374,-2.0590418301685e-08,1.21799110577078,0.645737127500766,-0.783003385670465,0.267996765342023,0.00227032090355988
94,1.13953248195298e-09,0,292,1,3,2.58036374249175e-12,0,0,0,0.511913897891606,-1.32217304667803,-1.29131708345606,-0.00565758581029829,-0.541622067678394,0,0.554049636685444,-1.30970167246842,-1.30197121246579,0.0981772871540976,-0.496942865953452,2.83918887761548e-09,0.511913916137374,-1.32217308231247,-1.2913205143793,-0.00565756632716334,5.74156667015409
95,4.84209905567645e-07,0,25,1,4,2.97036534137247e-12,0,0,0,1.60998617012573,-1.18009040632434,-0.707600182491738,0.869901576156245,0.543569404814064,0,1.65618240699926,-1.25964952840413,-0.630681325465749,0.808597909926808,0.630345342550393,-1.06832093974909e-10,1.60998618642413,-1.18009043747117,-0.707600171321379,0.869901590847053,0.543569383168639
96,7.77749781850642e-06,0,26,1,4,2.53865149438933e-12,0,0,0,-1.23653003050501,-1.03550652493275,-0.370696529843591,-1.38510969964168,1.19422896871486,0,-1.26707777216598,-1.15970035922206,-0.370774004307016,-1.39006261666323,1.28019289977344,-7.51415838449387e-09,-1.23652998800656,-1.03550658056441,-0.370696508760926,-1.38510968798093,1.19422896027856
97,7.16673174286415e-06,2.09130978915187e-06,24,1,2,2.27904376154078e-12,0,0,0,0.404236004832908,-0.267979287963533,-0.441653584607536,-0.848771441693162,0.0366801620822725,0,0.435151966291562,-0.392103480994309,-0.550498876215779,-0.95744286856021,0.105767701158227,-3.68116256354682e-09,0.404236030809653,-0.267979306765059,-0.441653574962234,-0.848771467820775,0.036680180853597
98,2.85798393439768e-06,0,24,1,2,6.12618359513459e-06,0,0,0,1.04821643764273,0.142059126282989,0.365039906088706,-1.61128266194885,-0.978086890327193,0,1.1556078722995,0.175320168771832,0.409157200022995,-1.5089394791416,-0.991395781751293,3.6701013707911e-09,1.04821643334576,0.142059137898314,0.365039909376258,-1.61128266760017,-0.978086889428722
99,3.24134595518108e-06,1.20741826972573e-06,25,1,2,5.83108271043386e-06,0,0,0,1.75263139214346,0.00994124907603378,-1.13198572743494,0.497500800512954,-0.376482181534645,0,1.74008367089801,-0.0109612643798926,-1.15001030941673,0.520711227581616,-0.411836312107336,1.69270747846041e-09,1.75263137962682,0.00994126332665711,-1.13198572760754,0.497500795736624,-0.376482177822469
100,5.70945777577814e-07,0,30,1,4,1.97669589749481e-12,0,0,0,-0.808040471330886,-1.10497628636383,0.731330693218597,-1.27153642251094,1.32542659873879,0,-0.73337765885944,-1.23444899059815,0.783398214291234,-1.20495259582452,1.20956857069113,2.04802739912231e-09,-0.808040482879295,-1.1049762642328,0.731330684190899,-1.27153642424397,1.32542661166719
